ENGLISH,SPANISH,JAPANESE,INDONESIAN,KOREAN,POS
shop/store,tienda/almacén ,店,toko/kedai,가게,NOUN
price,precio,価格/値段,harga,가격,NOUN
to be near/to be close,cerca ,近い,dekat,가깝다,ADJ
sometimes/occasionally,a veces/de vez en cuando,たまに,kadang-kadang/terkadang,가끔,ADV
to be possible,ser posible/poder,可能だ/できる,memungkinkan,가능하다,ADJ
to go,ir,行く,pergi,가다,VERB
to teach,enseñar,教える,mengajar,가르치다,VERB
bag/sack,bolso/saco,かばん,tas,가방,NOUN
to be light,ligero/liviano,軽い,ringan,가볍다,ADJ
singer,cantante,歌手,penyanyi,가수,NOUN
chest; heart/mind,pecho/corazon,胸; 心/感情,dada; hati/pikiran,가슴,NOUN
(in the) middle/center,(en el) medio/centro,なか (に)/まんなか (に),(di)tengah/pusat,가운데,NOUN
fall/autumn,otoño,秋,musim gugur,가을,NOUN
most/best,más/mejor ,一番/最も, paling,가장,ADV
home/family,hogar,家庭,rumah/keluarga,가정,NOUN
to bring,traer,持って来る,membawa,가져오다,VERB
family (member),familia,家族,(anggota) keluarga,가족,NOUN
kind/sort,clase,種類,macam,가지,NOUN
to have/to own; to carry,tener/obtener,持つ,mempunyai/memiliki; membawa,가지다,VERB
each,cada,各々/それぞれ, setiap,각각,NOUN
nurse,enfermera,看護婦,perawat,간호사,NOUN
ribs,costillas,カルビ,daging iga,갈비,NOUN
cold/flu,resfriado,風邪,pilek/influenza,감기,NOUN
thanks/appreciation | to thank/to appreciate,gracias/agradecer/apreciar,感謝 | 感謝する,terima kasih/penghargaan; berterimakasih/menghargai ,감사 | 감사하다,NOUN | VERB/ADJ
feeling/emotion,sentimiento/sensación,感情,perasaan,감정,NOUN
suddenly,repentino/de repente,急に/突然,tiba-tiba,갑자기,ADV
price,precio/valor,値段,harga; nilai,값,NOUN
river,río,川,sungai,강,NOUN
to emphasize/to highlight,acentuar/enfatizar,強調する,menekankan/menegaskan,강조하다,VERB
to be strong,fuerte,強い,kuat,강하다,ADJ
to be the same,mismo/igual,同じだ,sama ,같다,ADJ
together,juntos,一緒に,bersama - sama,같이,ADV
dog,perro,犬,anjing,개,NOUN
piece/unit,cada,個,buah,개,NOUN
month,mes,ヶ月,bulan,개월,NOUN
there,allí,そこ,disana,거기,PRONOUN
street/avenue,calle/callejón,通り/町,jalan,거리,NOUN
mirror,espejo,鏡,cermin,거울,NOUN
almost/nearly,casi,ほとんど,hampir,거의,ADV
lie | to tell a lie,mentira; mentir,嘘 | 嘘つく,kebohongan; berbohong,거짓말 | 거짓말하다,NOUN | VERB
worry/anxiety | to worry about,preocupación; preocupar,心配 | 心配する,cemas/khawatir; cemas tentang,걱정 | 걱정하다,NOUN | VERB
health | to be healthy,salud; ser saludable,健康 | 元気だ,kesehatan; sehat ,건강 | 건강하다,NOUN | ADJ
building,edificio,建物,gedung,건물,NOUN
to walk,caminar,歩く,berjalan,걷다,VERB
to hang,colgar,掛ける,menggantung,걸다,VERB
to hang/to be hung,colgar/ser colgado,掛る,menggantung/digantung ,걸리다,VERB
to go on foot,ir a pie/caminar,歩いて行く,pergi jalan kaki,걸어가다,VERB
to come on foot,venir en pie,歩いて来る,pulang jalan kaki ,걸어오다,VERB
black (color),negro,黒い色,hitam,검은색,NOUN
thing/one,otro,こと/もの/の,barang/benda,것,NOUN
game,juego,ゲーム,permainan,게임,NOUN
winter,invierno,冬,musim Dingin,겨울,NOUN
finally/after all,finalmente/al final/despues de todo,結局,akhirnya,결국,NOUN/ADV
decision | to decide,decisión; decidir,決定 | 決定する/決める,keputusan/memutuskan,결정 | 결정하다,NOUN | VERB
marriage | to marry,casamiento; casar,結婚 | 結婚する,pernikahan; menikah,결혼 | 결혼하다,NOUN | VERB
wedding ceremony,(ceremonia de) boda,結婚式,upacara pernikahan,결혼식,NOUN
game/match,partido/torneo,競技,pertandingan,경기,NOUN
case/scenario,caso/ocasión,場合,keadaan,경우,NOUN
police,policía,警察,polisi,경찰,NOUN
scenery,paisaje/vista,景色,pemandangan,경치,NOUN
experience,experiencia,経験,pengalaman,경험,NOUN
egg,huevo,卵,telur,계란,NOUN
continuously,continuamente,続けて/ずっと,terus-menerus,계속,ADV
to be (honorific of 있다),estar (palabra referida a un mayor),いらっしゃる,to be (sebutan penghormatan pada 있다) ,계시다,VERB
season,estación,季節,musim,계절,NOUN
plan,plan/proyecto,計画,rencana,계획,NOUN
meat; fish,carne,肉,daging; ikan,고기,NOUN
high school,secundaria,高校,sekolah menengah /lanjutan,고등학교,NOUN
high school student,estudiante secundario,高校生,siswa sekolah menengah atas,고등학생,NOUN
to be thankful,gracias,ありがとう,berterima kasih,고맙다,ADJ
cat,gato,猫,kucing,고양이,NOUN
pain,dolor/pena,苦痛,sakit,고통,NOUN
to be hungry,tener hambre,(腹が)すいている,lapar,고프다,ADJ
birthplace/hometown,(ciudad/país) natal,故郷/ふるさと,kampung halaman,고향,NOUN
right away; soon,pronto,すぐ,segera,곧,ADV
place/location,lugar/espacio,所,tempat/lokasi,곳,NOUN
ball,bola/pelota,球/ボール,bola,공,NOUN
study | to study,estudio; estudiar,勉強 | 勉強する,belajar,공부 | 공부하다,NOUN | VERB
park,parque,公園,taman,공원,NOUN
factory/plant,fábrica/planta,工場,pabrik,공장,NOUN
pay phone/public phone,teléfono público,公衆電話,telepon umum,공중전화,NOUN
notebook,cuaderno,ノート,laptop,공책,NOUN
airport,aeropuerto,空港,bandar udara,공항,NOUN
national holiday,feriado nacional,公休日/祝日,hari libur nasional ,공휴일,NOUN
lesson/chapter,lección/unidad,課,bab,과,NOUN
fruit,fruta,果物,buah ,과일,NOUN
cookie,galleta,お菓子,kue,과자,NOUN
relationship,relación,関係,hubungan,관계,NOUN
to be okay,aceptable,大丈夫だ,baik-baik saja ,괜찮다,ADJ
textbook,libro (de texto),教科書,buku pelajaran,교과서,NOUN
professor,profesor,教授,dosen,교수,NOUN
classroom,sala de clases/curso,教室,ruang kelas,교실,NOUN
traffic; transportation,transporte público,交通,lalu-lintas; kendaraan,교통,NOUN
church,iglesia,教会,gereja,교회,NOUN
sightseeing; looking around,mirar/explorar,見物,melihat-lihat,구경,NOUN
shoes,zapatos,靴,sepatu,구두,NOUN
clouds,nubes,雲,awan/mega,구름,NOUN
soldier/military personnel,soldado/militar,軍人,tentara/anggota militer,군인,NOUN
volume/book (unit of counting books),libro/tomo (unidad para contar libros),冊,jilid/buku (satuan untuk menghitung buku),권,NOUN
ear,oído ,耳,telinga,귀,NOUN
to be cute/to be lovely,lindo/tierno ,かわいい,manis/cantik,귀엽다,ADJ
the/that (modifier),ese,その,itu/itu (modifier) ,그,DET
he,él,彼/その人,dia (laki – laki),그,PRONOUN
it/that (pronoun),eso,それ,#NAME?,그것,PRONOUN
there,allí,そこ,disana,그곳,PRONOUN
that day,ese día,その日,hari itu,그날,NOUN
just,solo ,そのまま; ただ,hanya,그냥,ADV
as it is,como lo es,そのまま,seperti semula,그대로,ADV
meanwhile,durante,その間,sementara itu,그동안,NOUN
(at) that time/then,desde entonces,あの時/その時,saat itu,그때,NOUN
yes/OK,sí/está bien,そう; うん,iya/baik,그래,INT
but/still,pero,それでも,tetapi/masih,그래도,ADV
so/therefore,por lo tanto/asi que/por eso ,それで,jadi/oleh karena itu,그래서,ADV
so,asi que,だから,jadi,그러니까,ADV
and/if you do; well then,entonces ,それでは,dan/kalau begitu; lalu,그러면,ADV
such/like,tal/eso ,そんな,seperti,그런,DET
well/by the way; however,a propósito/pero,ところで,omong-omong,그런데,ADV
then,entonces ,それでは,lalu,그럼,ADV
yes/to be so,si/es cierto/es verdad,そうだ,Ya/benar,그렇다,ADJ
but/though,pero/a pesar de,だが/でも,bagaimanapun,그렇지만,ADV
group,grupo,グループ,kelompok,그룹,NOUN
bowl/container,vajilla/plato/molde,器; 杯,mangkuk,그릇,NOUN
and,y,そして,dan ,그리고,ADV
to draw/to paint,dibujar,描く,menggambar/melukis,그리다,VERB
picture/drawing/painting,dibujo,絵,foto/gambar/lukisan,그림,NOUN
to that extent only,basta/parar de...,その度で; それくらいに,,그만,ADV
he/she (honorific of 그 사람),él/ella (término superior a él o ella),その方,dia (perempuan) (sebutan kehormatan pada 그 사람),그분,PRONOUN
there/that way,por esa dirección/por ese lado,そちら/そっちの方,disana/kearah sana ,그쪽,PRONOUN
theater/cinema,cine,映画館,bioskop,극장,NOUN
neighborhood/vicinity,vecindad/cercanía,近く,linkungan tempat tinggal,근처,NOUN
writing,redacción,文/文章,menulis,글,NOUN
machine,máquina,機械,mesin,기계,NOUN
to wait ,esperar,待つ,menunggu,기다리다,VERB
to raise/to rear,criar,飼う/育てる,membesarkan,기르다,VERB
basics; basis,base,基本,dasar-dasar; dasar,기본,NOUN
feelings; mood,(de) humor/sensación,気持ち/気分,perasaan,기분,NOUN
dormitory,refugio,寮,asrama (mahasiswa),기숙사,NOUN
memory,recuerdo/memoria,記憶,kenangan,기억,NOUN
train,tren,汽車,kereta,기차,NOUN
opportunity/chance,oportunidad/chance,機会,kesempatan,기회,NOUN
street/road,camino/calle/ruta,道,jalan,길,NOUN
to be long,largo/extenso,長い,panjang/lama,길다,ADJ
gimbap (rice rolled in dried laver),gimbap (enrollado de arroz con alga),のり巻き,gimbap (nasi yang digulung dengan rumput laut kering),김밥,NOUN
kimchi,kimchi,キムチ,kimchi,김치,NOUN
to be deep,profundo,深い,dalam,깊다,ADJ
to peel/to cut; to cut down,pelar/cortar ,削る/切る/剥く,mengupas/,깎다,VERB
to be clean,limpio,きれいだ,bersih ,깨끗하다,ADJ
to pull/to take out,sacar/tomar ,取り出す,mnnarik/mengeluarkan ,꺼내다,VERB
surely/certainly/for sure,sin lugar a dudas/seguramente,必ず,pasti,꼭,ADV
flower,flor,花,bunga,꽃,NOUN
dream | to dream,sueño; soñar,夢 | 夢みる,mimpi/bermimpi,꿈 | 꿈꾸다,NOUN | VERB
to put out; to switch off,apagar,消す,mematikan,끄다,VERB
end,último/final,終り/お仕舞い,akhir/ujung,끝,NOUN
to end/to come to an end,terminar/finalizar/acabar,終わる,berakhir,끝나다,VERB
to finish/to put an end to,acabar/terminar/finalizar,終える,menyelesaikan,끝내다,VERB
I,yo,私,saya,나,PRONOUN
to go out,salir/pasear,出る,pergi keluar,나가다,VERB
to divide/to split; to share,dividir/compartir ,分ける,membagi/membelah;membagi,나누다,VERB
to grow; to happen,suceder,生える; 起こる,tumbuh; terjadi,나다,VERB
country/nation,país/nación,国,negara,나라,NOUN
tree; wood,árbol/madera,木,pohon; kayu,나무,NOUN
to be bad,malo,悪い,buruk ,나쁘다,ADJ
to come out,salir ,出る/出てくる,keluar,나오다,VERB
age,edad/año,年 (とし),umur,나이,NOUN
(-에) later,después (de)/luego,後,(-에)nanti,나중,NOUN
to appear,aparecer,現れる,muncul,나타나다,VERB
to show/to express,expresar/significar,現わす,menunjukkan,나타내다,VERB
day,día,日,hari,날,NOUN
fly,volar,飛ぶ,terbang,날다,VERB
weather,clima/tiempo,天気,cuaca,날씨,NOUN
date,fecha/día,日付,tanggal,날짜,NOUN
to leave,dejar,残す,meninggalkan,남기다,VERB
a man and a woman,hombre y mujer,男女,laki-laki dan wanita,남녀,NOUN
to remain/to be left,sobrar/ser dejado,残る,tersisa,남다,VERB
younger brother ,hermano menor,弟,adik laki-laki,남동생,NOUN
man/male,hombre/macho/masculino,男性,laki-laki/,남성,NOUN
man,hombre,男,pria,남자,NOUN
south,sur,南/南側,selatan,남쪽,NOUN
husband,marido,夫,ssuami,남편,NOUN
male student ,estudiante varón,男子学生,siswa laki-laki,남학생,NOUN
day; daytime,día/a la mañana,昼,hari; siang hari,낮,NOUN
to be low,bajo ,低い,rendah,낮다,ADJ
to give birth to/to bear,nacer/dar luz,生む,melahirkan,낳다,VERB
next year,próximo año,来年,tahun depan,내년,NOUN
to give/to hand in/to make,dar/entregar,出す,memberikan/menyerahkan/membuat,내다,VERB
to go down,bajar,下りる/下る,turun,내려가다,VERB
to come down,bajar/venir abajo ,下りてくる/降りる,turun ,내려오다,VERB
to fall; to get off,caer,降る/下りる,turun,내리다,VERB
tomorrow,mañana,明日,besok,내일,NOUN/ADV
smell/odor,olor,におい,bau/bau (busuk)  ,냄새,NOUN
naengmyeon (Korean cold noodle),negmion (fríos fideos coreanos),冷麺,naengmyeon (Mie-dingin Korea),냉면,NOUN
refrigerator,resfrigerador ,冷蔵庫,kulkas/lemari es,냉장고,NOUN
you,tú,お前,kamu/anda,너,PRONOUN
too ,demasiado/exesivo,とても/あまりに,terlalu,너무,ADV
to be large ,amplia,広い,besar ,넓다,ADJ
to put (sth in),poner en,入れる,meletakkan (sesuatu didalam),넣다,VERB
yes,sí,はい,ya,네,INT
necktie,corbata,ネクタイ,dasi,넥타이,NOUN
year,año,年 (ねん),tahun,년,NOUN
yellow (color),amarillo,黄色,kuning (warna),노란색,NOUN
song | to sing,canción; cantar,歌 | 歌う,lagu; menyanyi,노래 | 노래하다,NOUN | VERB
effort | to make an effort,esfuerzo/tratar,努力 | 努力する,usaha; berusaha,노력 | 노력하다,NOUN | VERB
notebook,libro de notas/cuaderno,ノート,catatan,노트,NOUN
to play,jugar,遊ぶ,bermain,놀다,VERB
to be surprised ,sorprender,驚く,terkejut,놀라다,VERB
play/game,juego/,遊び,permainan,놀이,NOUN
joke | to kid/to joke,broma/bromear,冗談 | 冗談言う,lelucon; bercanda/melucu,농담 | 농담하다,NOUN | VERB
to be high,alto,高い,tinggi,높다,ADJ
to lay/to put,poner/sobreponer,置く,meletakkan,놓다,VERB
who,quién,誰,siapa,누구,PRONOUN
boy's older sister,hermana mayor,姉,kakak perempuan,누나,NOUN
eye,ojo,目/眼,mata,눈,NOUN
snow,nieve,雪,salju,눈,NOUN
tear,lágrima,涙,air mata,눈물,NOUN
to lie,acostar,横になる,berbaring,눕다,VERB
news,noticias,ニュース,berita,뉴스,NOUN
feeling | to feel,sentimiento/sentir,感じ | 感じる,perasaan; merasa,느낌 | 느끼다,NOUN | VERB
always/all the time,siempre/constantemente,いつも/常に,selalu/setiap waktu,늘,ADV
to stretch; to grow/to increase,estirar/alargar,伸びる; 増える,merobek; tumbuh/meningkatkan ,늘어나다,VERB
ability,capacidad/abilidad,能力,kemampuan,능력,NOUN
to be late ,atrasar/llegar tarde,遅れる; 遲い,terlambat,늦다,VERB/ADJ
all; almost,casi,すべて/全部/皆; ほとんど,semua; hampir,다,NOUN/ADV
to go and get back,ir y volver,行って来る,pergi dan kembali,다녀오다,VERB
to go,ir,通う,pergi,다니다,VERB
to be different ,ser diferente/distinto,違う,berbeda,다르다,ADJ
leg,pierna,足,kaki,다리,NOUN
bridge,puente,橋,jembatan,다리,NOUN
again,otra vez/nuevamente,再び/又,lagi,다시,ADV
to be various ,(ser) vario/diferente/amplio,多様だ,bermacam-macam,다양하다,ADJ
next,siguiente,次の,selanjutnya,다음,NOUN
to hurt/to be wounded,lastimar,傷付く/けがをする,terluka,다치다,VERB
to clean/to wash,limpiar/ordenar,磨く,membersihkan/mencuci,닦다,VERB
word,palabra,単語,kata,단어,NOUN
to close,cerrar,閉める,menutup,닫다,VERB
the moon; month,luna,月 (げつ); 月 (つき),bulan; bulan,달,NOUN
to be sweet,dulce,甘い,manis,달다,ADJ
to change/to alter,(ser) cambiado/alterado,変わる,merubah,달라지다,VERB
dollar,dollar,ドル,dollar,달러,NOUN
calendar,calendario,カレンダー,kalender,달력,NOUN
chicken,pollo,鷄,ayam,닭,NOUN
chicken/poultry,carne de pollo,鳥肉,ayam/unggas,닭고기,NOUN
to put,poner/coger,盛る/入れる,meletakkan,담다,VERB
cigarette,cigarrillo,タバコ,rokok,담배,NOUN
answer | to answer,respuesta; responder,返事 | 答える,jawaban/menjawab,대답 | 대답하다,NOUN | VERB
most,casi/la mayoría,大部分/大半,sebagian besar,대부분,NOUN
instead (of),en vez de,代わり (に),daripada,대신,NOUN/ADV
president,presidente,大統領,presiden,대통령,NOUN
college/university,universidad/facultad,大学,perguruan tinggi/universitas,대학,NOUN
university student,universitario,大学生,mahasiswa,대학생,NOUN
talk/conversation,charla/conversación/diálogo,対話,bicara/Percakapan,대화,NOUN
home/house (honorific of 집),residencia (casa de una persona superior),お宅,rumah (sebutan penghormatan pada 집),댁,NOUN
more,más,もっと,lagi,더,ADV
to throw,lanzar/tirar,投げる,melempar,던지다,VERB
to be hot,(hacer) calor ,暑い,panas,덥다,ADJ
library,biblioteca,図書館,perpustakaan,도서관,NOUN
city,ciudad,都市,kota,도시,NOUN
help ,ayuda,助け ,bantuan,도움,NOUN
arrival | to arrive,arrivo | arrivar,到着 | 到着する,kedatangan; datang,도착 | 도착하다,NOUN | VERB
money,dinero,お金,uang,돈,NOUN
to turn/to rotate,dar vuelta/rotar/girar,回る/曲がる,berbelok/memutar,돌다,VERB
to turn/to spin,dar vuelta/girar,回す,berputar,돌리다,VERB
to return/to go back,retroceder,帰る,kembali,돌아가다,VERB
to return/to come back,regresar/volver,帰って来る/戻る,kembali,돌아오다,VERB
to help,ayudar,手伝う,membantu,돕다,VERB
village/neighborhood,aldea/vencindario/barrio,町内,desa; lingkungan,동네,NOUN
animal,animal,動物,binatang,동물,NOUN
younger sibling,hermano,弟 or 妹,adik,동생,NOUN
during/while,durante/mientras,間,selama,동안,NOUN
east ,este,東,timur,동쪽,NOUN
pig,cerdo,豚,babi,돼지,NOUN
pork,carne de cerdo,豚肉,daging babi,돼지고기,NOUN
to become,convertir,(に)なる,menjadi,되다,VERB
to put/to set,poner,置く,meletakkan,두다,VERB
back,atrás/posterior,後,belakang,뒤,NOUN
to give (humble word of 주다),dar (término utilizado a un superior),差し上げる,memberi (kata sederhana dari주다),드리다,VERB
to hear/to listen,escuchar/oir,聞く,mendengarkan,듣다,VERB
to take/to cost,costar/tomar (tiempo),かかる,menghabiskan,들다 ,VERB
to raise/to hold,levantar/subir,持つ; 上げる,mengangkat/memegang,들다 ,VERB
to be heard/to sound,sonar,聞こえる,terdengar/bersuara,들리다,VERB
to enter/to go into,entrar,入る,masuk,들어가다,VERB
to enter/to come into,entrar/venir,入る/入ってくる,masuk,들어오다,VERB
back,espalda,背,punggung,등,NOUN
hiking/climbing | to climb,ir a escalar; escalar,山登り | 山登る,mendaki,등산 | 등산하다,NOUN | VERB
to be warm,es caluroso,暖かい,hangat,따뜻하다,ADJ
daughter,hija,娘,anak perempuan,딸,NOUN
strawberry,frutilla,いちご,stroberi,딸기,NOUN
land/ground,tierra ,土地,tanah,땅,NOUN
the time,vez,時,waktu/saat,때,NOUN
because/because of,debido/por,(の)ため/(の)わけ/(の)せい,karena/(oleh) karena,때문,NOUN
to leave,ir/dejar,去る/出る/発つ,berangkat/meninggalkan,떠나다,VERB
to rise up; to occur,ocurrir,浮かぶ/浮く,muncul; terpikir,떠오르다,VERB
rice cake,torta de arroz,餠,kue beras,떡,NOUN
again,otra vez/nuevamente,また,lagi,또,ADV
to be the same/to be equal,igual/semejante,まったく同じだ,sama/setara,똑같다,ADJ
straight; correctly/clearly,recto/correcto,真っすぐ (に); しゃんと; はっきり,tegak; benar.jelas,똑바로,ADV
to run,correr,走る,berlari,뛰다,VERB
to be hot,caliente,熱い,panas,뜨겁다,ADJ
meaning ,significar,意味,arti,뜻,NOUN
radio,radio,ラジオ,radio,라디오,NOUN
ramen (instant noodle),ramion,ラーメン,ramen (mi instant),라면,NOUN
Russia,Rusia,ロシア, Rusia,러시아,NOUN
unit of counting animals,unidad para contar animales,匹,ekor (satuan untuk menghitung hewan),마리,NOUN
to drink,beber,飲む,minum,마시다,VERB
mind/heart,alma/opinión,心,pikiran/hati,마음,NOUN
the last,último/final,終り/最後,terakhir,마지막,NOUN
to end/to finish,acabar/terminar/finalizar,終える,menyelesaikan,마치다,VERB
to block,bloquear/tapar,防ぐ,menghalangi,막다,VERB
to meet,encontrarse (con) ,会う,bertemu,만나다,VERB
to make,hacer/crear,作る,membuat,만들다,VERB
to be many/to be much,haber mucho,多い,banyak ,많다,ADJ
much/a lot,mucho,多く/たくさん,banyak,많이,ADV
horse,caballo,馬,kuda,말 ,NOUN
word/speech | to say,decir/hablar,言葉 | 言う,,말  | 말하다,NOUN | VERB
to stop; do not/must not (in imperative sentences),parar/dejar,やめる/しないで,berhenti,말다,VERB
word/speech (honorific of 말) | to say,palabra; decir/hablar,お話 | おっしゃる,kata/pidatosebutan penghormatan untuk 말); berkata,말씀 | 말씀하다,NOUN | VERB
to be clear/to be pure,claro/puro,清い,bersih,맑다,ADJ
taste/flavor,sabor,味,rasa,맛,NOUN
to taste bad,mal gusto/feo,まずい,tidak enak,맛없다,ADJ
to be delicious,delicioso/rico,おいしい,enak,맛있다,ADJ
to be right/to be correct,(estar)correcto/exacto,合う/正しい; 当たる,benar,맞다,ADJ/VERB
to adjust,ajustar,合わせる,meyesuaikan,맞추다,VERB
to guess correctly/to give a correct answer,conjeturar/adivinar,当てる,menebak/jawaban benar,맞히다,VERB
to take care of/to take on,tomar/hacerse cargo de...,引き受ける,menangani,맡다,VERB
very,muy,非常に/とても,sangat/sekali,매우,ADV
everyday,diario/todos los días,毎日,setiap hari,매일,NOUN/ADV
beer,tomar (bebida),ビール,bir,맥주,NOUN
to be spicy/to be hot,picante,辛い,pedas,맵다,ADJ
head; brain; hair,cabeza/cabello,頭; 髪,kepala;otak;rambut,머리,NOUN
to eat ,comer,食べる,makan,먹다,VERB
first/earlier,primero/temprano,先に,pertama/dulu (an)/lebih awal,먼저,ADV
to be far,estar lejos,遠い,jauh,멀다,ADJ
far/far away,lejos,遠く,jauh/jauh sekali,멀리,ADV
menu,menu,メニュー,menu,메뉴,NOUN
a few days; date,algunos días/fecha,何日; 数日,beberapa hari;tanggal,며칠,NOUN
person (unit of counting peolple),unidad para contar personas,名/人,orang (satuan untuk menghitung orang),명,NOUN
some/several; how many/how old,varias,いくつ/何,beberapa; berapa banyak/berapa tahun,몇,DET
all,todos,皆,semua,모두,NOUN/ADV
all/every,todo,あらゆる/すべての,semua/setiap,모든,DET
not to know,desconocer/no saber/no conocer,分からない/知らない,tidak mengenal,모르다,VERB
figure/form,figura/forma,姿,sosok/bentuk,모습,NOUN
shape/form,forma/estructura,模様/形,bentuk,모양,NOUN
to gather/to collect,recoger/juntar,集める,berkumpul/mengumpulkan,모으다,VERB
to gather/to come together,juntar/reunir,集る,berkumpul/berkumpul bersama,모이다,VERB
meeting,reunión,集まり,pertemuan/rapat,모임,NOUN
hat/cap,casquillo/sombrero,帽子,topi,모자,NOUN
neck,cuello,首/喉,leher,목,NOUN
voice,voz,声,suara,목소리,NOUN
bath | to take a bath,baño; bañar,お風呂 | 風呂に入る,mandi,목욕 | 목욕하다,NOUN | VERB
purpose/object,propósito/meta,目的,tujuan,목적,NOUN
body,cuerpo,身/体,tubuh,몸,NOUN
(can) not,no (poder),(でき)ない,tidak (dapat),못,ADV
not to be able; to be poor,no poder,できない; 下手だ,tidak dapat; kurang pandai,못하다,VERB/ADJ
to be heavy,pesado,重い,berat,무겁다,ADJ
to be scary; to be scared,dar miedo/asustar,恐ろしい; 怖い,menakutkan/takut,무섭다,ADJ
what/what kind of,qué ,何/何の,apa/macam apa,무슨,DET
what ,cuál,何,apa,무엇,NOUN
door,puerta ,門/ドア,pintu,문,NOUN
question/problem,pregunta/problema,問題,pertanyaan/masalah,문제,NOUN
culture,cultura,文化,kebudayaan,문화,NOUN
to ask,preguntar/pedir ,問う/尋ねる,bertanya,묻다,VERB
water,agua,水,air,물,NOUN
thing/stuff,material/cosa,品物/物,barang/bahan,물건,NOUN
of course,por suepuesto,勿論,tentu saja,물론,NOUN/ADV
to ask,preguntar,聞く/尋ねる,bertanya,물어보다,VERB
the United States of America,Estados Unidos,アメリカ,Amerika Serikat (A.S.),미국,NOUN
to be sorry,perdonar,すまない,menyesal,미안하다,ADJ
meter,metros,メートル,meter,미터,NOUN
to believe,creer,信じる,mempercayai,믿다,VERB
the bottom/the lower part,fondo/debajo/abajo,下,dasar,밑,NOUN
to change,cambiar,変える,mengganti,바꾸다,VERB
to change/to be changed,ser cambiado/remodelado,変わる,mengganti/berubah,바뀌다,VERB
sea,mar/playa,海,laut,바다,NOUN
to wish/to hope/to want ,esperar/desear,願がう/望む,ingin/beharap/mau,바라다,VERB
to look (at),mirar,眺める/見詰める,memandang,바라보다,VERB
wind,viento/briza,風,angin,바람 ,NOUN
(-에) because of/due to,debido (a)/por,おがげ,(-에) (oleh) karena/disebabkan,바람 ,NOUN
straight; right away,enseguida/rápido/ya,すぐに,langsung,바로,ADV
to be busy,estar ocupado,忙しい,sibuk,바쁘다,ADJ
pants,pantalones,ズボン,celana panjang,바지,NOUN
museum,museo,博物館,museum,박물관,NOUN
outside,afuera/exterior,外,diluar,밖,NOUN
half,mitad,半/半分,setengah,반 ,NOUN
class,clase,クラス,kelas,반 ,NOUN
to be glad,alegre/conforme,嬉しい,senang,반갑다,ADJ
the opposite,opuesto,反対, kebalikan,반대,NOUN
to get/to take ,conseguir/recibir,受ける, mendapat,받다,VERB
to accept/to take,tomar/aceptar,受け入れる/受け取りる,menerima,받아들이다,VERB
foot,pie,足,kaki,발,NOUN
to develop/to grow,evolucionar/progresar,発達する,berkembang/tumbuh,발달하다,VERB
occurrence | to occur,ocurrir/imaginar,発生 | 発生する,kejadian; terjadi,발생 | 발생하다,NOUN | VERB
pronunciation,pronunciación,発音,pengucapan,발음,NOUN
to be bright ,ser brillante/iluminoso,明るい,terang,밝다,ADJ
night,noche,夜,malam,밤,NOUN
steamed rice,arroz,ご飯,nasi,밥,NOUN
room,cuarto/cabina,部屋,ruangan,방,NOUN
way/means,manera/estrategia,方法,jalan/cara/bearti,방법,NOUN
vacation,vacación,休み,liburan,방학,NOUN
stomach/belly,estómago/barriga,腹/おなか,perut,배 ,NOUN
boat/ship,nave/barco/bote,船,kapal,배 ,NOUN
pear ,pera,梨,buah per,배 ,NOUN
to be hungry,estar hambriento/tener hambre,お腹が空く,lapar,배고프다,ADJ
to be full,estar completo,お腹がいっぱいだ,kenyang,배부르다,ADJ
to learn,aprender,学ぶ/習う,,배우다,VERB
department store,almacén grande,デパート,toko serba ada,백화점,NOUN
to throw away,lanzar/tirar,捨てる,membuang,버리다,VERB
bus,autobús,バス,bis,버스,NOUN
time/occasion,veces,番/回/度,waktu/kali/kesempatan,번,NOUN
number,número,番号,angka,번호,NOUN
to make (money)/to earn (money),hacer (dinero)/ganar (dinero),稼ぐ,bekerja,벌다,VERB
already,ya,もう,sudah,벌써,ADV
law ,ley,法,peraturan,법,NOUN
to take off/to undress,sacar/desprender,脱ぐ,melepas/membuka/menanggalkan,벗다,VERB
to change/to vary,cambiar/transformar,変わる ,berubah,변하다 ,VERB
star,estrella,星,bintang,별,NOUN
not really/not good,no bueno,別に/あまり,tidak terlalu/tidak baik ,별로,ADV
bottle/jar,botella,甁/本,botol,병 ,NOUN
disease/illness,enfermedad,病気,penyakit,병 ,NOUN
hospital/clinic,hospital/clínica,病院,rumah sakit/klinik,병원,NOUN
to send,mandar/enviar,送る,mengirim,보내다,VERB
to see/to watch/to look at,mirar/ver,見る,melihat/menonton memandang,보다 ,VERB
more,más ,より,lebih,보다 ,ADV
to be seen/to look,ser visto/parecer,見える,terlihat,보이다,VERB
ordinary; usually,usual,普通,biasa; biasanya,보통,NOUN/ADV
protection | to protect,protección; protejer,保護 | 保護する,perlindungan; melindungi,보호 | 보호하다,NOUN | VERB
to be complicated,complicado,複雑だ,menjadi Rumit,복잡하다,ADJ
ballpoint pen,bolígrafo,ボールペン,bolpoin,볼펜,NOUN
spring ,resorte/primavera,春,musim semi,봄,NOUN
to be soft/to be smooth,suave/cremoso,柔らかい,lembut/halus,부드럽다,ADJ
to call,llamar,呼ぶ,memanggil,부르다,VERB
parents,padres,親/両親,orang tua,부모,NOUN
(married) couple/husband and wife,parejas,夫婦,pasangan (menikah)/suami-istri,부부,NOUN
part ,parte,部分,bagian,부분,NOUN
kitchen,cocina,台所,dapur,부엌,NOUN
wife (honorific of 아내),esposa,奥さん,istri,부인,NOUN
north,norte,北/北の方,utara,북쪽,NOUN
person (honorific of 사람 or 명),,様/方,orang (sebutan kehormatan untuk 사람 atau 명),분,NOUN
minute,minutos,分,menit,분,NOUN
atmosphere/mood,clima/atmósfera,雰囲気,suasana,분위기,NOUN
fire,fuego,火/火事; 光,api/kebakaran,불,NOUN
bulgogi (Korean barbecue),bulgogi ,焼肉,bulgogi (daging panggang Korea),불고기,NOUN
to blow,soplar,吹く,bertiup,불다,VERB
to stick (to),pegarse a,つく,lengket,붙다,VERB
to stick (sth),pegar (algo),つける,menempel,붙이다,VERB
rain,lluvia,雨,hujan,비,NOUN
soap,jabón,せっけん,sabun,비누,NOUN
video,video,ビデオ,video,비디오,NOUN
bibimbap (boiled rice with assorted mixtures),bibimbap (arroz cocido mezclado con vegetales),ビビンパ,bibimbap (nasi dengan bermacam-macam campuran),비빔밥,NOUN
to be similar,parecido/similar,似ている,serupa,비슷하다,ADJ
to be expensive,caro/costoso,高い,mahal,비싸다,ADJ
airplane,avión/aero plano,飛行機,pesawat terbang,비행기,NOUN
light,luz,光,cahaya,빛,NOUN
to be fast,rápido,早い/速い,menjadi cepat,빠르다,ADJ
to fall in; fall out,caer,おぼれる,jatuh kedalam,빠지다,VERB
red (color),rojo,赤色,merah (warna),빨간색,NOUN
laundry,lavadero,洗濯,cucian,빨래,NOUN
quickly/fast,apresurar,早く/速く,dengan cepat/cepat,빨리,ADV
bread,pan,パン,roti,빵,NOUN
to remove/to pull out,quitar/remover,抜く/取る,mengambil; mencabut,빼다,VERB
accident,accidente,事故,kecelakaan,사고,NOUN
apple,manzana,リンゴ,apel,사과,NOUN
to buy,comprar,買う,membeli,사다,VERB
to disappear,desaparecer,消える,menghilang,사라지다,VERB
person/people,persona ,人,orang,사람,NOUN
love | to love,amor; amar,愛 | 愛する,cinta; mencintai,사랑 | 사랑하다,NOUN | VERB
office,oficina,事務室,kantor,사무실,NOUN
fact/truth; in fact,verdad/realidad,事実; 実際に,fakta/kenyataan,사실,NOUN/ADV
use | to use,uso; usar,使用 | 使う,kgunaan; mengunakan,사용 | 사용하다,NOUN | VERB
gap; relationship,relación,隔たり/間; 仲,hubungan,사이,NOUN
president/CEO,presidente/jefe/CEO,社長,presiden/CEO ,사장,NOUN
dictionary,diccionario,辞書,kamus,사전,NOUN
picture/photo,cuadro/foto,写真,gambar/foto,사진,NOUN
candy,dulce/caramelo,キャンディー,permen,사탕,NOUN
society,sociedad,社会,masyarakat,사회,NOUN
mountain,montaña,山,gunung,산,NOUN
stroll | to take a walk,caminata/salir de paseo,散歩 | 散歩する,berjalan-jalan,산책 | 산책하다,NOUN | VERB
age/years (unit of counting someone's age),año/años,歳,umur/tahun (satuan untuk menghitung umur seseorang),살,NOUN
to live,vivir,暮らす/生活する/住む,tinggal,살다,VERB
product/goods,productos,商品,produk/barang-barang,상품,NOUN
bird,pájaro,鳥,burung,새 ,NOUN
new,nuevo/reciente,新しい,baru,새 ,DET
dawn/daybreak,madrugada/amanecer,夜明け/早朝,fajar/dinihari,새벽,NOUN
color,color,色,warna,색,NOUN
sandwich,emparedados,サンドイッチ,sandwich (roti lapis),샌드위치,NOUN
thought/idea | to think ,pensamiento/idea; pensar,考え | 思う,pemikiran/ide; berpikir,생각 | 생각하다,NOUN | VERB
to be formed; to look (like),parecer; ser parecido,生じる; 顔をする,membentuk; rupanya,생기다,VERB
fish,pescado,魚/鮮魚,ikan,생선,NOUN
birthday,cumpleaños,誕生日,hari ulang tahun,생일,NOUN
life,vida/estilo de vida,生活,kehidupan,생활,NOUN
shower,ducha,シャワー,mandi,샤워,NOUN
to stand ,parar,立つ ,berdiri,서다 ,VERB
each other,el uno al otro/mutuamente,お互い (に),saling,서로,ADV
service,servicio,サービス,pelayanan,서비스,NOUN
bookstore,librería,書店,toko buku,서점,NOUN
west,oeste,西/西の方,barat,서쪽,NOUN
present/gift | to give a present,regalo/presente;regalar ,プレゼント | プレゼントする,hadiah; memberikan hadiah,선물 | 선물하다,NOUN | VERB
teacher,profesor,先生,guru,선생,NOUN
explanation/account | to explain,explicación; explicar,説明 | 説明する,penjelasan/ceritera; menjelaskan,설명 | 설명하다,NOUN | VERB
sugar,azúcar,砂糖,gula,설탕,NOUN
character/personality,personalidad/carácter,性格,karakter/kepribadian,성격,NOUN
age/years (unit of counting someone's age),edad,歳,umur/tahun (satuan untuk menghitung umur seseorang),세,NOUN
world,mundo ,世界,dunia,세계,NOUN
world,mundo; mundial,世の中,dunia,세상,NOUN
washing one's face,limpieza facial,洗面/顔を洗あらうこと,mencuci wajah,세수,NOUN
to make sth or sb stand/to erect,levantar/parar recto,建てる/並ばせる,membuat sesuatu atau seseorang berdiri/menegakkan,세우다,VERB
washing machine,lavadora/lavaropa,洗濯機,mesin cuci,세탁기,NOUN
centimeter,centímetro,センチメートル,sentimeter,센티미터,NOUN
to introduce,introducir/presentar,紹介する,memperkenalkan,소개하다,VERB
salt ,sal,塩,garam,소금,NOUN
sound,sonido/ruido,音,suara,소리,NOUN
novel,novela,小説,novel,소설,NOUN
news/word,noticias,消息/知らせ,berita,소식,NOUN
sofa,sofá/sillón,ソファー,sofa,소파,NOUN
picnic/excursion,picnic/comida campestre,遠足,piknik/darmawisata,소풍,NOUN
inside,adentro/interior,中,didalam,속,NOUN
hand,mano,手,tangan,손,NOUN
finger,dedo,指,jari,손가락,NOUN
guest; customer,cliente,お客さん,tamu/pelanggan,손님,NOUN
beef,carne de vaca/bife,牛肉,daging sapi,쇠고기,NOUN
shopping,compras,ショッピング,belanja,쇼핑,NOUN
method/way/possiblity,método/posibilidad/manera,方法/·仕方,cara/jalan/kemungkinan,수,NOUN
towel,toalla,タオル,handuk,수건,NOUN
watermelon,sandía,すいか,semangka,수박,NOUN
class/lecture,clase,授業,,수업,NOUN
swimming,natación,水泳/泳ぎ,berenang,수영,NOUN
(swimming) pool,piscina/pileta,プール,kolam renang,수영장,NOUN
homework,preparación/tarea,宿題,pekerjaan rumah,숙제,NOUN
moment,momento,瞬間,saat,순간,NOUN
spoon,cuchara,さじ,sendok,숟가락,NOUN
alcoholic drink/alcohol,alcohol/vino,お酒,minuman beralkohol/alkohol,술,NOUN
forest,bosque,森,hutan,숲,NOUN
to rest/to relax,descansar/relajar,休む,beristirahat/bersantai,쉬다,VERB
to be easy ,ser fácil,易しい/簡単だ,mudah ,쉽다,ADJ
supermarket,supermercado,スーパーマーケット,supermarket,슈퍼마켓,NOUN
for oneself/by oneself,uno mismo ,自ら,diri sendiri/sendiri ,스스로,NOUN/ADV
ski,esquí,スキー,main ski,스키,NOUN
stress,estres,ストレス,ketegangan/tekanan,스트레스,NOUN
sports,deporte,スポーツ,olah raga,스포츠,NOUN
to be sad ,estar triste,悲しい,bersedih,슬프다,ADJ
city/town,ciudad,市,kota,시 ,NOUN
time/hour,tiempo/hora,時,waktu/jam,시 ,NOUN
time; hour,tiempo/hora,時間,waktu; jam,시간,NOUN
clock/watch,reloj,時計,jam dinding/arloji,시계,NOUN
to be cool/to be cold ,fresco,凉しい,sejuk/dingin,시원하다,ADJ
beginning/start | to begin/to start,empezar/comenzar,始め/開始 | 始める,permulaan/awal; memulai/mengawali,시작 | 시작하다,NOUN | VERB
to start,empezar/comenzar,始まる,memulai,시작되다,VERB
market,mercado,市場,pasar,시장,NOUN
to make (sb do),hacer/obligar,させる,membuat (seseorang melakukan),시키다,VERB
test,prueba,試験,ujian; tes,시험,NOUN
restaurant,restaurante,食堂,restoran/rumah makan,식당,NOUN
meal | to have a meal,comida; comer,食事 | 食事する,makanan; makan,식사 | 식사하다,NOUN | VERB
(dining) table ,mesa/tabla,食卓,meja makan,식탁,NOUN
to put on/to wear,poner,はく,mengenakan/memakai,신다,VERB
newspaper,periódico,新聞,koran,신문,NOUN
shoes,zapatos,靴,sepatu,신발,NOUN
breach of etiquette | to do sth improper in terms of etiquette,perdón; pedir perdón por haber hecho algo inapropiado.,失礼 | 失礼する,pelanggaran etika; melakukan sesuatu yang tidak tepat dalam hubungannya dengan.,실례 | 실례하다,NOUN | VERB
to be unpleasant,no querer,嫌いだ/いやだ,tidak menyenangkan,싫다,ADJ
to hate/dislike,no querer/odiar,嫌がる/嫌いだ,membenci/tidak menyukai,싫어하다,VERB
to be heavy/to be severe,ser severo,ひどい,berat/keras,심하다,ADJ
to be cheap,barato,安い,murah,싸다,ADJ
to fight/to argue/to quarrel,pelear/discuti,争う/けんかする,berkelahi/berdebat/bertengkar,싸우다,VERB
raw rice,arroz,米,beras,쌀,NOUN
to write,escribir,書く,menulis,쓰다 ,VERB
to wear,usar (ropa)/vestir,かぶる/かける,memakai,쓰다 ,VERB
to use,usar/utilizar,使う,menggunakan,쓰다 ,VERB
waste/garbage,basura,ごみ,limbah/sampah,쓰레기,NOUN
Mr./Ms.,señor/señorita,さん,Bapak/Ibu,씨,NOUN
to wash,lavar/limpiar,洗う,mencuci,씻다,VERB
ah/oh,ah/oh,あ,ah/oh,아,INT
baby,bebé,赤んぼう,bayi,아기,NOUN
wife,esposa/mujer,妻,istri,아내,NOUN
no,no,いや,tidak,아니,INT
to be not,no ser,ない,bukan,아니다,ADJ
no,no,いいえ,tidak,아니요,INT
son ,hijo,息子,anak laki-laki,아들,NOUN
bottom/the lower part,abajo/siguiente,下,bawah/dibawah,아래,NOUN
to be beautiful,hermoso bello,美しい,cantik,아름답다,ADJ
probably/likely,probablemente/seguramente,多分,mungkin,아마,ADV
anyone/anybody; any,cualquier/quiensea,誰; 何の,Apa saja/siapapun/siapa saja,아무,PRONOUN/ADV
no matter how,por más que...,いくら,Tak peduli bagaimana,아무리,ADV
father,padre,お父さん,ayah,아버지,NOUN
dad/daddy,papá,パパ,papa,아빠,NOUN
child/kid,niño/nene,子供,anak,아이,NOUN
ice cream,helado,アイスクリーム,es krim,아이스크림,NOUN
middle-aged man; mister,persona de mediana edad,おじさん,pria setengah -baya; bapak/tuan,아저씨,NOUN
very/so,muy/mucho,とても,sangat,아주,ADV
middle-aged woman; madam,señora,おばさん,wanita setengah-baya; ibu,아주머니,NOUN
still/yet,todavía,まだ,masih,아직,ADV
morning; breakfast,mañana/desayuno,朝; 朝ご飯,pagi hari; sarapan,아침,NOUN
apartment,apartamento/departamento,アパート,apartemen,아파트,NOUN
to be painful/to be sore,doloroso,痛い,menyakitkan. terluka,아프다,ADJ
inside; within,en menos de,中; 以内,dalam; di dalam,안 ,NOUN
not,no,(し)ない,tidak,안 ,ADV
glasses,cristales/anteojos/gafas,めがね,kaca mata,안경,NOUN
peace | to be fine,hola,こんにちは (さよなら) | 元気だ,damai; baik-baik saja ,안녕 | 안녕하다,NOUN | ADJ
peacefully,adiós/hasta luego,無事に,dengan damai ,안녕히,ADV
to hug/to hold,abrazar,抱く,memeluk,안다,VERB
sorry,lástima,残念だ,meminta maaf,안되다,ADJ
to sit ,sentar,座る,duduk,앉다,VERB
to be not,no (ser),ない,tidak,않다,VERB
to know,saber,分かる/知る,mengetahui,알다,VERB
to become known,(ser) sabido,知られる,terkenal ,알려지다,VERB
to let sb know/to inform,dejar saber. Avisar,知らせる,memberitahu seseorang/memberitahu,알리다,VERB
front,en frente/delante,前,depan,앞,NOUN
baseball,béisbol ,野球,baseball,야구,NOUN
medicine/drug,medicina/remedio,薬,obat,약,NOUN
a little/a bit ,un poco,少し,sedikit/agak,약간,NOUN/ADV
pharmacy/drugstore,farmacia,薬局/薬屋 ,apotek,약국,NOUN
promise | to promise,promesa; prometer,約束 | 約束する,janji; berjanji,약속 | 약속하다,NOUN | VERB
socks,soquete/media,靴下,kaus kaki,양말,NOUN
suit,traje,洋服,setelan,양복,NOUN
shoulder,historia; hablar sobre,肩,cerita/bicara; bercerita/berbicara,어깨,NOUN
which,hombros,どの,bahu,어느,DET
where,Cuál,どこ (に),yang mana,어디,PRONOUN
to be how,Dónde,どうだ,dimana,어떠하다,ADJ
what; some/certain,cómo,どんな; ある,bagaimana,어떤,DET
to be difficult,qué clase,難しい,apa; beberapa/tertentu ,어렵다,ADJ
adult,difícil/problemático,大人,sulit,어른,NOUN
to be young,adulto/,幼い,dewasa,어리다,ADJ
child,ser joven,子供,muda,어린이,NOUN
mother,niño/nene,お母さん,anak,어머니,NOUN
quickly,madre/mamá ,はやく,Ibu,어서,ADV
to get along; to match/to suit,rápido ,似合う,dengan cepat,어울리다,VERB
yesterday,quedar bien/vestir bien,昨日,bergaul dengan baik; cocok/sesuai ,어제,NOUN/ADV
girl's older sister ,ayer,お姉さん,kemarin,언니,NOUN
when ,hermana mayor,いつ,kakak perempuan,언제,PRONOUN/ADV
always/all the time,cuando,いつも,kapan,언제나,ADV
to gain/to get,siemrpe,得る,selalu,얻다,VERB
face,conseguir/obtener,顔,memperoleh/mendapat ,얼굴,NOUN
promptly/right away,cara/rostro,すぐ/早く/さっさと,wajah,얼른,ADV
how much,enseguida/rápido/ya,いくら,cepat; sekarang juga,얼마,NOUN
how,cuánto,どのくらい,berapa,얼마나,ADV
mom,cómo/cuánto,ママ,berapa lama,엄마,NOUN
there is no; do not have,madre/mamá ,ない/いない,mama,없다,ADJ
to disappear/to be gone,no (haber)/no (tener),消える/なくなる,tidak ada; tidak mempunyai,없어지다,VERB
without,desaparecer,なしに,menghilang/hilang,없이,ADV
air conditioner,sin,エアコン,tanpa,에어컨,NOUN
passport,acondicionador,パスポート,alat pendingin,여권,NOUN
here,pasaporte,ここ,paspor,여기,PRONOUN
younger sister,aquí ,妹さん,disini,여동생,NOUN
many/several,hermana menor,多くの,adik perempuan,여러,DET
all of you/everyone (honorific of 너희),mucho,皆さん,banyak/beberapa,여러분,PRONOUN
summer,ustedes,夏,semuanya/setiap orang (sebutan penghormatan untuk 너희),여름,NOUN
hello,verano,もしもし,musim panas,여보세요,INT
woman/lady,hola,女,halo,여자,NOUN
female student,mujer,女学生,wanita,여학생,NOUN
trip/travel | to travel,estudiante mujer,旅行 | 旅行する,murid perempuan,여행 | 여행하다,NOUN | VERB
station/stop,viaje; viajar,駅,perjalanan; bepergian ,역,NOUN
history,estación/parada,歴史,stasiun/perhentian,역사,NOUN
practice/exercise | to practice/to exercise,historia,演習 | 練習する,sejarah,연습 | 연습하다,NOUN | VERB
pencil,ensayo; ensayar/practicar,鉛筆,latihan; berlatih,연필,NOUN
to open,lápiz,開く,pensil,열다,VERB
to open/to be opened,abrir,開かれる/開く,membuka,열리다,VERB
key,(ser) abierto/abrido,鍵,membuka/terbuka,열쇠,NOUN
hard/diligently,llave,熱心に,kunci,열심히,ADV
the United Kingdom,duro/difícil/esforzoso,イギリス,keras/giat,영국,NOUN
English,Inglaterra,英語,Inggris,영어,NOUN
movie/film,inglés,映画,bahasa Inggris,영화,NOUN
side; next to,película/cortometraje,そば/横,film,옆,NOUN
example,al lado,例,samping/disamping,예,NOUN
to be pretty/to be beautiful,ejemplo,きれいだ,contoh,예쁘다,ADJ
schedule,bonito/bello,予定,cantik,예정,NOUN
old days,horario/agenda,昔,jadual,옛날,NOUN
today,viejos tiempos/antes,今日,jaman dahulu ,오늘,NOUN/ADV
to come,hoy/ahora,来る,hari ini,오다,VERB
long; for a long time,venir,長く, datang,오래,ADV
in a long time,antes/por tanto,ひさしぶり,lama; untuk waktu yang lama ,오래간만,NOUN
orange,hace mucho tiempo,オレンジ,dalam waktu yang lama,오렌지,NOUN
to rise/to go up,naranja,上がる,jeruk,오르다,VERB
the right,aumentar,右側,naik,오른쪽,NOUN
girl's older brother,derecha,お兄さん,kanan,오빠,NOUN
morning; a.m.,hermano mayor,午前,kakak laki-laki,오전,NOUN
afternoon; p.m.,mañana/desayuno,午後,pagi hari,오후,NOUN
to go up/to rise,tarde,上がる,sore hari,올라가다,VERB
this year,subir,今年,maju; naik,올해,NOUN
to move,este año,動かす,tahun ini,옮기다,VERB
clothes,mover/cambiar (de puesto),服,memindahkan,옷,NOUN
perfectly/completely,ropa/atuendo,完全に,pakaian/baju,완전히,ADV
why,totalmente,なぜ/どうして,dengan sempurna/dengan lengkap,왜,ADV
because,por qué,なぜなら,mengapa/kenapa,왜냐하면,ADV
foreign country,porque,外国,karena,외국,NOUN
foreign language,país extranjero,外国語,negara asing,외국어,NOUN
foreigner,lenguaje extranjero,外国人,bahasa asing,외국인,NOUN
the left,extranjero,左側,orang asing,왼쪽,NOUN
cooking | to cook ,izquierda,料理 | 料理する,kiri,요리 | 요리하다,NOUN | VERB
these days/today,comida; cocinar,このごろ/近頃,memasak,요즈음,NOUN/ADV
greed,estos días/actualmente/recientemente,欲心,akhir-akhir ini/hari ini ,욕심,NOUN
we,avaricia/egoísmo,私たち,ketamakan,우리,PRONOUN
my country,nosotros,我が国,kita/kami,우리나라,NOUN
umbrella,nuestro país,傘,negara saya,우산,NOUN
first (of all),paraguas,まず,payung,우선,ADV
milk,primero/antes que nada,牛乳,pertama - tama,우유,NOUN
post office,leche,郵便局,susu,우체국,NOUN
exercise/workout/sports | to do exercise,oficina de correo,運動 | 運動する,kantor pos,운동 | 운동하다,NOUN | VERB
playground,ejercicio/deporte; ejercitar/entrenar,運動場,latihan; olah raga/berlatih,운동장,NOUN
sneakers,patio (de deportes),運動靴,taman bermain,운동화,NOUN
driving | to drive,zapatillas,運転 | 運転する,sepatu karet,운전 | 운전하다,NOUN | VERB
to cry,manejamiento; manejar,泣く,mengemudi; mengemudikan,울다,VERB
to move,llorar,動かす; 動く,menangis,움직이다,VERB
to laugh/to smile,mover,笑う,bergerak,웃다,VERB
laugh/laughter,sonreír/reír,笑い,tertawa/tersenyum,웃음,NOUN
won (monetary unit of Korea),sonrisa,ウォン,tawa/gelak-tawa,원,NOUN
originally,won,元々,won (mata uang korea),원래,NOUN/ADV
to want/to wish,originalmente/en realidad,願う/望む,semula,원하다,VERB
top,desear/esperar,上,menginginkan/mengharapkan,위,NOUN
position/location/site,encima/arriba,位置,diatas,위치,NOUN
to do in favor of,ubicación/localización,ためだ,posisi/lokasi,위하다,VERB
danger | to be dangerous,para,危険 | 危険だ/危ない,melakukan sesuatu untuk,위험 | 위험하다,NOUN | ADJ
to be famous,peligro/peligrar ,有名だ,bahaya; berbahaya,유명하다,ADJ
bank,famoso,銀行,terkenal,은행,NOUN
food,banco,食べ物,bank,음식,NOUN
music,alimento/comida,音楽,makanan,음악,NOUN
opinion,música/canción,意見,musik,의견,NOUN
meaning | to mean,opinión/pensamiento,意味 | 意味する,pendapat,의미 | 의미하다,NOUN | VERB
doctor,significado; sifnificar,医者,arti/berarti,의사,NOUN
chair,doctor,椅子,dokter,의자,NOUN
tooth,silla,歯,kursi,이 ,NOUN
this (modifier),diente,この,gigi,이 ,DET
this (pronoun),esto/este,これ,ini (modifier),이것,PRONOUN
this place/here,esto/este,ここ,ini (kataganti),이곳,PRONOUN
to win/to beat,aqui/este lugar,勝つ,ditempat ini/disini,이기다,VERB
now/this day,ganar/triunfar,この時/今,memenangkan/mengalahkan ,이때,NOUN
such/this kind of,ahora/hoy,こんな,sekarang/hari ini,이런,DET
to be (like) this,como,こうだ,seperti (ini)/semacam (ini) ,이렇다,ADJ
name; given name,(es) esto/este,名前,seperti ini,이름,NOUN
already,nombre,もう/既に,nama; nama kecil,이미,ADV
image,ya,イメージ,sudah,이미지,NOUN
this time,imagen ,今度,kesan ,이번,NOUN/DET
this person (honorific of 이 사람),esta vez,こちら/この方,sekarang,이분,PRONOUN
more than/over,esta persona,以上,orang ini (sebutan penghormatan untuk이 사람),이상,NOUN
to be strange,más que/sobre,変だ,lebih dari/diatas,이상하다,ADJ
talk | to talk,extraño,話 | 話す,aneh,이야기 | 이야기하다,NOUN | VERB
use | to use,cuento; hablar/contar,利用 | 利用する,bicara; membicarakan,이용 | 이용하다,NOUN | VERB
neighbor,uso; usar,隣り,kegunaan;menggunakan,이웃,NOUN
reason,vecino,理由,tetangga,이유,NOUN
now,razón ,今,alasan,이제,NOUN/ADV
this way,ahora,こちら,sekarang,이쪽,PRONOUN
to figure out/to understand,aquí/este lado,理解する,arah sini,이해하다,VERB
human,entender/comprender,人間,memikirkan/memahami ,인간,NOUN
popularity,persona/humano,人気,manusia,인기,NOUN
greeting | to say hello/to say goodbye,popularidad,あいさつ | あいさつする,popularitas,인사 | 인사하다,NOUN | VERB
life,saludo; saludar/decir adiós,人生 ,salam; mengucapkan halo/mengucapkan selamat tinggal,인생 ,NOUN
internet,vida,インターネット,hidup,인터넷,NOUN
work/matter | to work,internet,仕事 | 働く,internet,일 | 일하다,NOUN | VERB
Japan,trabajo; trabajar,日本,pekerjaan,일본,NOUN
Japanese language,Japón,日本語,Jepang,일본어,NOUN
to get up; to stand up,japonés/lengua japonesa,起こる,bahasa Jepang,일어나다,VERB
to raise; to cause,levantar,起こす,bangun; berdiri,일으키다,VERB
early,causar,早く,menimbulkan; menyebabkan,일찍,ADV
to read,temprano,読む,awal,읽다,VERB
to lose/to be deprived of,leer,失う; 迷う,membaca,잃다,VERB
to lose/to be deprived of,perder,失う/なくす,kehilangan/dirampas ,잃어버리다,VERB
mouth,perder,口,kehilangan/dirampas ,입,NOUN
to put on/to wear,boca,着る,mulut,입다,VERB
to be/to exist,vestir/usar,ある/いる,memakai/mengenakan,있다,VERB/ADJ
to forget,estar/haber,忘れる,ada,잊다,VERB
to forget,olvidar,忘れる/忘れてしまう,melupakan,잊어버리다,VERB
oneself,olvidar,自分 (の),melupakan,자기,PRONOUN
repeatedly/again and again,(uno) mismo,しきりに,diri sendiri ,자꾸,ADV
to sleep,constantemente/repetidamente,寝る,berulang kali/berulang-ulang ,자다,VERB
car,dormir,自動車,tidur,자동차,NOUN
to grow,automóvil/coche,育つ,mobil,자라다,VERB
room/space; seat,crecer,席,tumbuh,자리,NOUN
oneself,lugar/espacio,自分/自身,kamar/ruang; tempat,자신,NOUNApakah tempat ini kosong?
to be natural ,(uno) mismo,自然だ,diri sendiri,자연스럽다,ADJ
freedom/liberty,natural,自由,alami,자유,NOUN
jajangmyeon (Chinese noodle),libertad,チャジャン麺,kebebasan,자장면,NOUN
bicycle,jajangmion,自転車,jajajangmyeon (Mi Cina),자전거,NOUN
often/frequently,bicicleta,しばしば/よく,sepeda,자주,ADV
last year,frecuente/seguido,去年,sering,작년,NOUN
to be small; to be short,el año pasado,小さい,tahun lalu,작다,ADJ
cup/glass,pequeño/chiquito,杯,kecil,잔,NOUN/NOUN
well/skillfully,taza/vaso,よく,cangkir/gelas,잘,ADV
to do sth well,bien ,上手だ,dengan baik/dengan mahir,잘하다,VERB
sleep ,sueño,眠り,tidur,잠,NOUN
for a moment,por un momento,ちょっと,sebentar,잠깐,NOUN/ADV
for a moment/for a while,por un instante,少し (の間),sebentar,잠시,NOUN/ADV
to sleep,dormir,眠る,tidur,잠자다,VERB
to catch/to hold,atrapar/sostener,取る,menangkap/memegang,잡다,VERB
magazine,revista,雑誌,majalah,잡지,NOUN
sheet/page (unit of counting paper),hoja/página (unidad para contar hojas),枚,lembar/halaman (satuan untuk menghitung kertas),장,NOUN
joke/fun/prank,broma,いたずら,guyonan/lelucon/kelakar,장난,NOUN
rose,rosa,バラ,mawar,장미,NOUN
place,lugar,場所,tempat,장소,NOUN
material/ingredient,material/ingrediente,材料,bahan-bahan,재료,NOUN
to be boring,aburrido/desinteresante,つまらない,membosankan,재미없다,ADJ
to be fun,divertido/interesante,おもしろい,menyenangkan,재미있다,ADJ
property/wealth,herencia/propiedad,財産,kekayaan,재산,NOUN
I (humble word of 나),yo (término superior a yo),私 (나の謙讓語),saya (kata sederhana dari 나),저 ,PRONOUN
that (modifier),eso/ese,あの,itu (modifier),저 ,DET
that (pronoun),eso/ese,あれ,itu (kataganti),저것,PRONOUN
there/that place,allí ,あそこ,disana/ditempat itu,저곳,PRONOUN
(over) there,allá,あそこ,di (atas) sana,저기,PRONOUN
evening; dinner,noche,夕方,malam; makan malam,저녁,NOUN
there/that side,allí,あちら,disana/disebelah sana,저쪽,PRONOUN
to write,escribir/tomar nota,書く,menulis,적다,VERB
to be few/to be small,poco/corto/chico,少ない,sedikit,적다,ADJ
before,antes,前,sebelum,전,NOUN
tradition,tradición/cultura,伝統,tradisi,전통,NOUN
to tell/to convey/to deliver,decir/pasar,伝える,memberitahu/menyampaikan/mengirimkan,전하다,VERB
not at all/completely,totalmente (no) ,全然/全く,sama sekali/sepenuhnya,전혀,ADV
telephone/call | to call,teléfono/llamar,電話 | 電話する,telepon/telepon; menelepo\n  ,전화 | 전화하다,NOUN | VERB
telephone number,número de teléfono,電話番号,nomor telepon,전화번호,NOUN
to be young,joven,若い,muda,젊다,ADJ
point/aspect,punto/mancha,点,angka/nilai ,점,NOUN
lunch,almuerzo,お昼,makan siang,점심,NOUN
lunch time/lunch break,hora del almuerzo,昼休み,waktu makan siang/istirahat siang,점심시간,NOUN
gradually/by degrees/more and more,cada vez más/gradualmente,ますます/だんだん,berangsur-angsur/lambat-laun,점점,ADV
chopsticks,palillos,御箸,sumpit,젓가락,NOUN
degree; about,cerca de/nivel,位,derajat tingkat; sekitar,정도,NOUN
stop/station,estación/parada,停留場,Perhentian/halte/stasiun,정류장,NOUN
really/indeed,realidad,本当 (に),sangat/benar-benar,정말,ADV
mind/spirit; consciousness,mente/espíritu,精神,pikiran/jiwa; kesadaran,정신,NOUN
to decide/to fix/to set,decidir,決める,memutuskan/memastikan/menetapkan,정하다,VERB
to be accurate/to be exact,exacto/correcto,正確だ,akurat/tepat,정확하다,ADJ
properly/right,correcto/bien,まともに,sebagaiman mestinya/benar,제대로,ADV
the first/the most,el más,一番,yang utama/paling,제일,NOUN/ADV
some; a little,poco/corto/chico,少し/ちょっと,sedikit,조금,NOUN/ADV
to investigate/to look into,investigar/averiguar,調査する,menyelidiki/memeriksa,조사하다,VERB
to be careful; to watch out,tener cuidado,気を付ける,berhati-hati; hati-hati,조심하다,VERB
to be silent/to be quiet,reservar/silenciar/callar,静かだ,tenang/sepi,조용하다,ADJ
graduation | to graduate,graduación; graduar,卒業 | 卒業する,kelulusan; lulus,졸업 | 졸업하다,NOUN | VERB
a little; please,un poco/por favor,ちょっと,sedikit; tolong,좀,ADV
religion,religión,宗教,agama,종교,NOUN
kind/sort/type,tipo/clase,種類,jenis,종류,NOUN
paper,papel ,紙,kertas,종이,NOUN
to be good/to be nice,agradable/bueno,良い,bagus/menyenangkan,좋다,ADJ
to like,gustar,好きだ,menyukai,좋아하다,VERB
to be sorry,pedir perdón,申し訳ない,meminta maaf,죄송하다,ADJ
to give,dar,くれる/あげる,memberi,주다,VERB
mostly/mainly,casi/generalmente/sobre todo ,主に,sebagian besar/kebanyakan,주로,ADV
weekend,fin de semana,週末,akhir pekan,주말,NOUN
address,dirección,住所/アドレス,alamat,주소,NOUN
juice,jugo,ジュース,jus,주스,NOUN
vicinity/around,al rededor,周り,sekitar/di sekitar,주위,NOUN
owner,dueño/patrón,主人/持ち主,pemilik,주인,NOUN
subject/topic,tema/asunto,主題,pokok persoalan/topik,주제,NOUN
to die,morir,死ぬ,meninggal dunia ,죽다,VERB
death,muerte,死,kematian,죽음,NOUN
preparation | to prepare,preparación; preparar,準備 | 準備する,persiapan; mempersiapkan,준비 | 준비하다,NOUN | VERB
to reduce/to decrease,reducir/descontar/decrecer,減らす,mengurangi,줄이다,VERB
during; among,durante/entre ,中,selama; antar,중,NOUN
China,China,中国,Cina,중국,NOUN
Chinese language,lenguaje chino,中国語,bahasa Cina,중국어,NOUN
center,centro,中心,tengah,중심,NOUN
to be important,importante,重要だ,penting ,중요하다,ADJ
junior high school,secundaria,中学校,Sekolah Menengah Pertama (SMP),중학교,NOUN
junior high school student,estudiante secundario,中学生,siswa SMP,중학생,NOUN
to be pleasant/to be happy,divertido/feliz,楽しい,bersenang-senag/bergembira,즐겁다,ADJ
to enjoy,disfrutar,楽しむ/好む,menikmati,즐기다,VERB
wallet,carpeta/billetera,財布,dompet,지갑,NOUN
now,ahora,今,sekarang,지금,NOUN/ADV
to pass (by) ,pasar,通り過ぎる/通過する,melewati,지나가다,VERB
to pass/to go by,pasar/fluir,通り過ぎる/経つ,melalui,지나다,VERB
to be excessive,demasiado/abundante,度が過ぎる,berlebihan,지나치다,ADJ
last month,mes pasado,先月,bulan lalu,지난달,NOUN
last week,semana pasada,先週,minggu lalu,지난주,NOUN
last year,año pasado,去年,tahun lalu,지난해,NOUN
to spend one's time,pasar,過ごす/暮らす ,menghabiskan waktu seseorang,지내다,VERB
map,mapa,地図,peta,지도,NOUN
eraser,borrador,消しゴム,penghapus,지우개,NOUN
to delete/to remove,borrar,消す,membersihkan,지우다,VERB
to keep/to protect,cumplir/protejer,守る,menepati/menjaga/melindungi,지키다,VERB
underground/basement,sótano/subsuelo,地下,bawah tanah/landasan,지하,NOUN
subway,subterráneo,地下鉄,kereta bawah tanah,지하철,NOUN
in person/directly,directamente/personalmetne,直接,langsung,직접,NOUN/ADV
question | to ask,pregunta; preguntar,質問 | 質問する,pertanyaan; bertanya,질문 | 질문하다,NOUN | VERB
home/house,casa,家,rumah,집,NOUN
to be salty,salado,塩辛い,asin,짜다,ADJ
to be short,corto,短い,pendek,짧다,ADJ
side/direction/way,dirección,方/側,sebelah/arah,쪽,NOUN
stew,guisado/sopa,チゲ,rebusan/masakan hospot,찌개,NOUN
to stamp/to imprint,estampar/sellar,押す/(写真を)とる,menyetempel/mencap,찍다,VERB
tea,té,茶,teh,차 ,NOUN
car,coche/automóvil,車,mobil,차 ,NOUN
order; turn,orden/turno,順番/番,urutan; giliran,차례,NOUN
really/truly,realmente/honestametne,まったく/ほんとうに,benar-benar/sungguh-sungguh,참,ADV
to stand/to endure,no aguantar/no permitir,我慢する/堪える,menahan/bertahan,참다,VERB
window,ventana,窓,jendela,창문,NOUN
to find; to look for/to search,encontrar,探す; 見つける,menemukan; mencari,찾다,VERB
to look for/to search,buscar,探してみる,mencari,찾아보다,VERB
vegetable,vegetal,野菜,sayuran,채소,NOUN
book,libro,本,buku,책,NOUN
desk,escritorio,机,meja,책상,NOUN
duty/responsibility,responsabilidad,責任,tugas/kewajiban,책임,NOUN
beginning; first,comienzo/primer,初め (て),permulaan; pertama,처음,NOUN/ADV
slowly,despacio/lento,ゆっくり,perlahan-lahan,천천히,ADV
jeans,pantalones vaqueros,ジーパン,celana jeans,청바지,NOUN
cleaning | to clean,limpiar/ordenar,掃除 | 掃除する,pembersihan; membersihkan,청소 | 청소하다,NOUN | VERB
second,segundo,秒,kedua,초,NOUN
invitation | to invite,invitación; invitar,招待 | 招待する,undangan; mengundang,초대 | 초대하다,NOUN | VERB
elementary school,escuela primaria,小学校, Sekolah dasar (SD),초등학교,NOUN
chocolate,chocolate,チョコレート,coklat,초콜릿,NOUN
best/top,el mejor,最高,terbaik,최고,NOUN
soccer,fútbol,サッカー,sepak bola,축구,NOUN
to celebrate,felicitar/celebrar,祝う,merayakan,축하하다,VERB
to leave/to depart,salir/ir ,出発する,berangkat,출발하다,VERB
dance | to dance,baile; bailar,踊り | 踊る,dansa; berdansa,춤 | 추다,NOUN | VERB
to be cold/to be chilly,frío/helado,寒い,dingin,춥다,ADJ
hobby,manía/pasatiempos,趣味,hobi/kegemaran,취미,NOUN
to be drunk,borracho,酔う,mabuk,취하다,VERB
story/floor,piso,階,tingkat/lantai,층,NOUN
to hit,golpear,打つ/叩く,memukul,치다,VERB
skirt,falda,スカート,rok,치마,NOUN
toothpaste,crema dental ,歯磨き粉,pasta gigi,치약,NOUN
friend,amigos,友達,teman,친구,NOUN
to be kind/to be friendly,amistoso/generoso,親切だ,baik/ramah,친절하다,ADJ
blackboard,tablero/pizarra,黒板,papan tulis,칠판,NOUN
bed,cama,ベッド,tempat tidur,침대,NOUN
toothbrush,cepillo dental,歯ブラシ,sikat gigi,칫솔,NOUN
praise/compliment | to praise,elogio; elogiar,賞賛 | 褒める,pujian,칭찬 | 칭찬하다,NOUN | VERB
card,tarjeta/carta,カード,kartu,카드,NOUN
camera,cámara fotográfica (digital),カメラ,kamera,카메라,NOUN
knife,cuchillo,刀/包丁,pisau,칼,NOUN
Canada,Canadá,カナダ,Kanada,캐나다,NOUN
to be big/to be large,enorme/grande,大きい,besar,커다랗다,ADJ
coffee,café ,コーヒー,kopi,커피,NOUN
computer,computadora,コンピューター,komputer,컴퓨터,NOUN
cup,vaso/taza,コップ,cangkir,컵,NOUN
to turn on,prender/encender,つける,menyalakan,켜다,VERB
nose,nariz,鼻,hidung,코,NOUN
cola,cola,コーラ,kola,콜라,NOUN
size,tamaño,大きさ,ukuran,크기,NOUN
to be big; to grow,grande; crecer,成長する; 大きい,menjadi besar;tumbuh,크다,ADJ/VERB
Christmas,Navidad,クリスマス,natal,크리스마스,NOUN
height,estatura,背,tinggi badan,키,NOUN
to raise/to bring up/to grow,criar,育てる/飼う,membesarkan/memelihara,키우다,VERB
to take/to ride,tomar/coger/agarrar,乗る,naik/menegendarai,타다,VERB
Taekwondo (Korean traditional martial art),Taekwondo,テコンドー,Taekwondo (seni bela-diri tradisional Korea),태권도,NOUN
attitude,actitud/carácter,態度,sikap,태도,NOUN
to be born,nacer,生まれる,lahir,태어나다,VERB
taxi,taxi,タクシー,taksi,택시,NOUN
tennis,tenis,テニス,tennis,테니스,NOUN
table,tabla/mesa,テーブル,meja,테이블,NOUN
television,televisión,テレビ,televisi,텔레비전,NOUN
characteristic/feature,característica,特徴,ciri khas,특징,NOUN
especially/particularly,especialidad/particularidad,特に,khususnya/terutama ,특히,ADV
team,equipo/grupo,チーム,tim,팀,NOUN
blue (color),azul,青色,biru (warna),파란색,NOUN
party,fiesta,パーティー,pesta,파티,NOUN
arm,brazo,腕,lengan,팔,NOUN
to sell,vender,売る,menjual,팔다,VERB
percent,porcentaje,パーセント,persen,퍼센트,NOUN
to unfold/to spread/to open,abrir/desplegar,開く/敷く/(傘を)差す,membuka,펴다,VERB
letter,carta,手紙,surat,편지,NOUN
grape,uva,ぶどう,anggur,포도,NOUN
ticket,boleto,切符,tiket,표,NOUN
expression/look/face,expresión/gesto,表情,ekspresi/paras/wajah ,표정,NOUN
expression | to express,expresión; expresar,表現 | 表現する,ungkapan; mengungkapkan,표현 | 표현하다,NOUN | VERB
to untie/to unfasten,desatar,解く; 外す,membuka,풀다,VERB
France,Francia,フランス,Perancis,프랑스,NOUN
program,programa,プログラム,program,프로그램,NOUN
to be tired,cansado,疲れる,lelah,피곤하다,ADJ
skin,piel,肌,kulit,피부,NOUN
piano,piano,ピアノ,piano,피아노,NOUN
to smoke,fumar,(タバコを)吸う,merokok,피우다,VERB
pizza,pizza,ピザ,pizza,피자,NOUN
need | to be necessary,necesidad; necesitar,必要 | 必要だ,memerlukan; penting,필요 | 필요하다,NOUN | ADJ
sky,cielo,空,langit,하늘,NOUN
to do,hacer,する,melakukan,하다,VERB
a day,día,一日,per hari,하루,NOUN
but/however,pero/a menos,しかし,tetapi/bagaimanapun,하지만,ADV
school,escuela ,学校,sekolah,학교,NOUN
year/grade,año/grado,年生,tahun,학년,NOUN
student,estudiante,学生,siswa/pelajar,학생,NOUN
Korea,Corea,韓国,Korea,한국,NOUN
Korean language,lenguaje coreano,韓国語,bahasa Korea,한국말,NOUN
Hangeul (Korean character),Hangeul (carácteres coreanos),ハングル,Hangeul (huruf Korea),한글,NOUN
on trial,un intento/una vez,一度/ちょっと,dalam percobaan,한번,ADV
hanbok (Korean traditional clothes),hanbog (ropa tradicional coreana),韓服,Hanbok (pakaian tradisional Korea),한복,NOUN
Chinese character,carácteres chinos,漢字,huruf Cina,한자,NOUN
grandmother,abuela/nona,お婆さん,nenek,할머니,NOUN
grandfather,abuelo/nono,お爺さん,kakek,할아버지,NOUN
together,juntos,一緒に,bersama- sama,함께,ADV
always,siempre,常に/いつも,selalu,항상,ADV
sun; year,sol; año,年; 日,matahari; tahun,해,NOUN
cellphone,teléfono celular/portátil,携帯電話,telepon selular,핸드폰,NOUN
hamburger,hamburguesa,ハンバーガー,hamburger,햄버거,NOUN
happiness | to be happy,felicidad; feliz,幸せ | 幸せだ,kebahagiaan; berbahagia ,행복 | 행복하다,NOUN | ADJ
waist,cintura,腰,pinggang,허리,NOUN
present; now,ahora/presente,現在,sekarang,현재,NOUN/ADV
boy's older brother,hermano mayor,兄さん,kakak laki-laki,형,NOUN
Australia,Australia,オーストラリア,Australia,호주,NOUN
hotel,hotel,ホテル,hotel,호텔,NOUN
alone,solo,ひとり (で),sendiri,혼자,NOUN/ADV
anger | to be angry,enojo; enojar,怒り | 怒る,kemarahan; marah,화 | 화나다,NOUN | ADV
bathroom/restroom,baño,トイレ,kamar mandi/kamar kecil,화장실,NOUN
to conform/to make sure,confirmar/asegurar,確認する,memastikan. meyakinkan,확인하다,VERB
patient,paciente,患者,pasien,환자,NOUN
company/corporation,compañía/corporación,会社,perusahaan,회사,NOUN
meeting/conference,reunión/conferencia,会議,rapat,회의,NOUN
after/later,tarde/después,後,nanti,후,NOUN
to be excellent/to be great,excelente/talentoso,立派だ,sangat bagus/hebat,훌륭하다,ADJ
much/far,más/mucho más,ずっと,lebih/jauh  ,훨씬,ADV
holiday/day off,vacaciones,休日/休み,hari libur,휴일,NOUN
wastepaper/litter; tissue,papel higénico ,紙くず; ティッシュ,tisu toliet/sampah/tissue,휴지,NOUN
waste basket/trash can,tacho/cesto,ごみ箱,tempat sampah,휴지통,NOUN
to flow/to run,fluir/caer/correr,流れる,mengalir,흐르다,VERB
white (color),blanco,白,putih (warna),흰색,NOUN
power/energy,fuerza/energía,力,tenaga/energi,힘,NOUN
to be hard/to be tough,duro/difícil,大変だ,sulit/susah,힘들다,VERB